{
  "task_type": "seq_cls",
  "debug": true,
  "used_samples": 200,
  "metrics": {
    "accuracy": 0.81,
    "precision": 0.05128205128205128,
    "recall": 0.6666666666666666,
    "f1": 0.09523809523809523,
    "roc_auc": 0.6277495769881556,
    "pr_auc": 0.08377966339692283,
    "recall@top_5%": 0.3333333333333333,
    "recall@top_10%": 0.3333333333333333,
    "recall@top_30%": 0.6666666666666666
  },
  "predictions": [
    0,
    0,
    0,
    0,
    1,
    1,
    1,
    0,
    0,
    0,
    0,
    0,
    0,
    1,
    1,
    1,
    0,
    1,
    0,
    0,
    0,
    0,
    0,
    0,
    0,
    1,
    1,
    1,
    0,
    0,
    0,
    0,
    0,
    0,
    0,
    0,
    0,
    0,
    0,
    0,
    0,
    1,
    0,
    1,
    0,
    0,
    0,
    1,
    0,
    0,
    1,
    0,
    1,
    0,
    0,
    1,
    0,
    1,
    0,
    0,
    0,
    0,
    0,
    0,
    0,
    0,
    0,
    0,
    0,
    0,
    0,
    1,
    1,
    0,
    0,
    1,
    0,
    0,
    0,
    0,
    0,
    0,
    0,
    0,
    0,
    0,
    0,
    1,
    1,
    0,
    0,
    0,
    0,
    0,
    1,
    0,
    1,
    0,
    0,
    0,
    0,
    0,
    1,
    0,
    0,
    0,
    0,
    0,
    0,
    0,
    0,
    0,
    0,
    0,
    1,
    1,
    0,
    1,
    0,
    0,
    0,
    0,
    1,
    0,
    0,
    1,
    0,
    0,
    0,
    0,
    1,
    0,
    0,
    1,
    1,
    0,
    0,
    0,
    0,
    0,
    0,
    0,
    0,
    0,
    0,
    0,
    0,
    0,
    0,
    1,
    0,
    0,
    1,
    0,
    0,
    0,
    0,
    0,
    0,
    0,
    0,
    0,
    0,
    0,
    0,
    0,
    0,
    0,
    0,
    0,
    0,
    1,
    0,
    0,
    0,
    1,
    0,
    0,
    0,
    0,
    0,
    0,
    0,
    0,
    1,
    1,
    0,
    0,
    0,
    0,
    0,
    0,
    0,
    0,
    0,
    0,
    0,
    0,
    0,
    0
  ],
  "probabilities": [
    0.4857047200202942,
    0.00762538006529212,
    0.037692248821258545,
    0.010809232480823994,
    0.9699046015739441,
    0.9999520778656006,
    0.605937659740448,
    0.01612415350973606,
    0.01773144118487835,
    0.04968731477856636,
    0.0027073565870523453,
    0.0026187081821262836,
    0.0050996895879507065,
    0.9827390909194946,
    0.9993946552276611,
    0.9986900687217712,
    0.001594447996467352,
    0.618567943572998,
    0.00580659369006753,
    0.004893328994512558,
    0.3093082904815674,
    0.0679113045334816,
    0.0017632615054026246,
    0.008804901503026485,
    0.0012051601661369205,
    0.9989571571350098,
    0.9998764991760254,
    0.9918387532234192,
    0.0024731995072215796,
    0.006652364507317543,
    0.006632775999605656,
    0.0103351641446352,
    0.002979546319693327,
    0.018527401611208916,
    0.0010960913496091962,
    0.0016546366969123483,
    0.0001526016421848908,
    0.009150173515081406,
    0.004359609913080931,
    0.005725299008190632,
    0.0011010628659278154,
    0.9997163414955139,
    0.003969474695622921,
    0.8002433776855469,
    0.006404371000826359,
    0.004218968562781811,
    0.031208669766783714,
    0.8944454789161682,
    0.0014028996229171753,
    0.009553549811244011,
    0.9995607733726501,
    2.2156349587021396e-05,
    0.9585803151130676,
    0.0002984087623190135,
    0.0023778420872986317,
    0.9836832880973816,
    0.0006226630066521466,
    0.9975482821464539,
    1.5200981579255313e-05,
    0.008202657103538513,
    0.00035118707455694675,
    0.2405516654253006,
    0.007915926165878773,
    0.0042588114738464355,
    0.003219887614250183,
    0.0001775562559487298,
    0.010557441040873528,
    0.013485594652593136,
    0.017933931201696396,
    0.26548779010772705,
    0.0003326845180708915,
    0.9968656897544861,
    0.9992127418518066,
    0.354592889547348,
    0.003051928011700511,
    0.8562255501747131,
    0.022241216152906418,
    0.2905377149581909,
    0.0012859887210652232,
    0.0014606625773012638,
    0.0046743666753172874,
    0.0001323698670603335,
    0.0029054484330117702,
    0.007010713219642639,
    0.002293764613568783,
    0.012429580092430115,
    0.011876287870109081,
    0.9966163039207458,
    0.9949690699577332,
    0.043764177709817886,
    0.027620721608400345,
    0.011956782080233097,
    0.008944799192249775,
    0.010072261095046997,
    0.9997454285621643,
    0.011481130495667458,
    0.9964935183525085,
    0.004571060184389353,
    0.004877740982919931,
    0.004400194156914949,
    0.010315756313502789,
    1.781869650585577e-05,
    0.9655221700668335,
    0.3135956823825836,
    0.0009245167602784932,
    0.0007819735328666866,
    0.0007271309732459486,
    0.0032929405570030212,
    0.0003584511287044734,
    0.0005932609783485532,
    0.015061398968100548,
    0.005491557531058788,
    0.002736605005338788,
    0.0031177254859358072,
    0.9999654293060303,
    0.8855847716331482,
    0.23343954980373383,
    0.9962676167488098,
    2.535754356358666e-05,
    0.007932490669190884,
    0.35494866967201233,
    0.0009354762732982635,
    0.9783002734184265,
    0.0063553242944180965,
    0.004711405839771032,
    0.9989159107208252,
    0.0042844489216804504,
    0.024853207170963287,
    0.007249436341226101,
    0.0035659889690577984,
    0.6412124037742615,
    0.0061595505103468895,
    0.2472238838672638,
    0.9937186241149902,
    0.6234632134437561,
    0.010698551312088966,
    0.020628059282898903,
    0.03901664540171623,
    0.008373466320335865,
    0.0063564409501850605,
    0.005957029294222593,
    0.27170702815055847,
    0.011484956368803978,
    0.02625117637217045,
    0.029660852625966072,
    0.019373329356312752,
    0.011711726896464825,
    0.003413687227293849,
    0.030948439612984657,
    0.9987678527832031,
    0.2552623152732849,
    0.0023089733440428972,
    0.9107204675674438,
    0.08073189109563828,
    0.0009391392231918871,
    0.006760494317859411,
    0.0005858930526301265,
    0.0032623878214508295,
    0.004400367848575115,
    0.11575290560722351,
    0.002662746934220195,
    0.0009991551050916314,
    0.0024295926559716463,
    0.0010530855506658554,
    0.004032175522297621,
    0.01211896538734436,
    0.00033272732980549335,
    0.0027167389634996653,
    0.00012541186879388988,
    0.013456851243972778,
    0.0015951428795233369,
    0.5685978531837463,
    0.1343308687210083,
    0.0009971832623705268,
    0.010084678418934345,
    0.9836201667785645,
    0.00924712885171175,
    0.005519543308764696,
    0.001509001711383462,
    0.024360254406929016,
    0.030027005821466446,
    2.681568184925709e-05,
    0.005641290917992592,
    0.43894240260124207,
    0.8597913980484009,
    0.9671306610107422,
    0.006580192595720291,
    0.04029693081974983,
    0.00045812418102286756,
    0.009472398087382317,
    0.07069402188062668,
    4.4125511067250045e-07,
    0.022045152261853218,
    0.00959655363112688,
    0.006876459810882807,
    0.008199418894946575,
    0.005929511971771717,
    0.026779992505908012,
    0.003030464518815279,
    0.0011610343353822827
  ],