{
  "task_type": "seq_cls",
  "debug": true,
  "used_samples": 50,
  "metrics": {
    "accuracy": 0.74,
    "precision": 0.0,
    "recall": 0.0,
    "f1": 0.0,
    "roc_auc": NaN,
    "pr_auc": 0.0,
    "recall@top_5%": NaN,
    "recall@top_10%": NaN,
    "recall@top_30%": NaN
  },
  "predictions": [
    0,
    0,
    0,
    0,
    1,
    1,
    1,
    0,
    0,
    0,
    0,
    0,
    0,
    1,
    1,
    1,
    0,
    1,
    0,
    0,
    0,
    0,
    0,
    0,
    0,
    1,
    1,
    1,
    0,
    0,
    0,
    0,
    0,
    0,
    0,
    0,
    0,
    0,
    0,
    0,
    0,
    1,
    0,
    1,
    0,
    0,
    0,
    1,
    0,
    0
  ],
  "probabilities": [
    0.4857047200202942,
    0.00762538006529212,
    0.037692248821258545,
    0.010809232480823994,
    0.9699046015739441,
    0.9999520778656006,
    0.605937659740448,
    0.01612415350973606,
    0.01773144118487835,
    0.04968731477856636,
    0.0027073565870523453,
    0.0026187081821262836,
    0.0050996895879507065,
    0.9827390909194946,
    0.9993946552276611,
    0.9986900687217712,
    0.001594447996467352,
    0.618567943572998,
    0.00580659369006753,
    0.004893328994512558,
    0.3093082904815674,
    0.0679113045334816,
    0.0017632615054026246,
    0.008804901503026485,
    0.0012051601661369205,
    0.9989571571350098,
    0.9998764991760254,
    0.9918387532234192,
    0.0024731995072215796,
    0.006652364507317543,
    0.006632775999605656,
    0.0103351641446352,
    0.002979546319693327,
    0.018527401611208916,
    0.0010960913496091962,
    0.0016546366969123483,
    0.0001526016421848908,
    0.009150173515081406,
    0.004359609913080931,
    0.005725299008190632,
    0.0011010628659278154,
    0.9997163414955139,
    0.003969474695622921,
    0.8002433776855469,
    0.006404371000826359,
    0.004218968562781811,
    0.031208669766783714,
    0.8944454789161682,
    0.0014028996229171753,
    0.009553549811244011
  ],
  "true_labels": [
    0,
    0,
    0,
    0,
    0,
    0,
    0,
    0,
    0,
    0,
    0,
    0,
    0,
    0,
    0,
    0,
    0,
    0,
    0,
    0,
    0,
    0,
    0,
    0,
    0,
    0,
    0,
    0,
    0,
    0,
    0,
    0,
    0,
    0,
    0,
    0,
    0,
    0,
    0,
    0,
    0,
    0,
    0,
    0,
    0,
    0,
    0,
    0,
    0,
    0
  ]
}