{
  "prevalences": [
    0.192,
    0.0966
  ],
  "threshold_0_5": {
    "0.192": {
      "threshold": 0.5,
      "precision": 0.192,
      "recall": 1.0,
      "f1": 0.32214765100671144,
      "accuracy": 0.192
    },
    "0.0966": {
      "threshold": 0.5,
      "precision": 0.0966,
      "recall": 1.0,
      "f1": 0.17618092285245304,
      "accuracy": 0.0966
    }
  },
  "best_f1": {
    "0.192": {
      "threshold": 0.811377078294754,
      "precision": 0.25352979796893566,
      "recall": 0.7122877122877123,
      "f1": 0.37395503368762006,
      "accuracy": 0.5420977039418848
    },
    "0.0966": {
      "threshold": 0.8399964869022369,
      "precision": 0.13629972420564215,
      "recall": 0.6463536463536463,
      "f1": 0.2251260316539823,
      "accuracy": 0.5701838988200002
    }
  }
}