{
  "prevalences": [
    0.192,
    0.0966
  ],
  "threshold_0_5": {
    "0.192": {
      "threshold": 0.5,
      "precision": 0.39835244630293365,
      "recall": 0.9150849150849151,
      "f1": 0.5550722481562579,
      "accuracy": 0.7183351836792041
    },
    "0.0966": {
      "threshold": 0.5,
      "precision": 0.22954986479918527,
      "recall": 0.9150849150849151,
      "f1": 0.36702994217733886,
      "accuracy": 0.6951050792533319
    }
  },
  "best_f1": {
    "0.192": {
      "threshold": 0.7606043219566345,
      "precision": 0.5311577572920471,
      "recall": 0.7612387612387613,
      "f1": 0.6257179857510083,
      "accuracy": 0.8251472618436388
    },
    "0.0966": {
      "threshold": 0.8396893441677094,
      "precision": 0.3818396681764732,
      "recall": 0.6383616383616384,
      "f1": 0.4778503901268862,
      "accuracy": 0.8652350620417308
    }
  }
}